"","J.Accession.Number","J.Name","J.Species","J.Functionality","J.Region","J.Start.and.End","J.Nucleotides","J.Codon.Start","J.5..added","J.3..added","J.Sequencing.Error.Added","J.Amino.acids","J.Characters","J.Partial","J.Reverse.Compl","J.AA.String"
"1",">J00256","IGHJ1*01","Homo sapiens","FALSE","J-REGION","723..774","52 nt",1,NA,NA,NA,"17 AA","17+0=17"," ",NA,"AEYFQHWGQGTLVTVSS"
"2",">J00256","IGHJ2*01","Homo sapiens","FALSE","J-REGION","932..984","53 nt",2,NA,NA,NA,"17 AA","17+0=17"," ",NA,"YWYFDLWGRGTLVTVSS"
"3",">J00256","IGHJ3*01","Homo sapiens","FALSE","J-REGION","1537..1586","50 nt",2,NA,NA,NA,"16 AA","16+0=16"," ",NA,"DAFDVWGQGTMVTVSS"
"4",">X86355","IGHJ3*02","Homo sapiens","FALSE","J-REGION","1107..1156","50 nt",2,NA,NA,NA,"16 AA","16+0=16"," ",NA,"DAFDIWGQGTMVTVSS"
"5",">J00256","IGHJ4*01","Homo sapiens","FALSE","J-REGION","1912..1959","48 nt",3,NA,NA,NA,"15 AA","15+0=15"," ",NA,"YFDYWGQGTLVTVSS"
"6",">X86355","IGHJ4*02","Homo sapiens","FALSE","J-REGION","1480..1527","48 nt",3,NA,NA,NA,"15 AA","15+0=15"," ",NA,"YFDYWGQGTLVTVSS"
"7",">M25625","IGHJ4*03","Homo sapiens","FALSE","J-REGION","446..493","48 nt",3,NA,NA,NA,"15 AA","15+0=15"," ",NA,"YFDYWGQGTLVTVSS"
"8",">J00256","IGHJ5*01","Homo sapiens","FALSE","J-REGION","2354..2404","51 nt",3,NA,NA,NA,"16 AA","16+0=16"," ",NA,"NWFDSWGQGTLVTVSS"
"9",">X86355","IGHJ5*02","Homo sapiens","FALSE","J-REGION","1878..1928","51 nt",3,NA,NA,NA,"16 AA","16+0=16"," ",NA,"NWFDPWGQGTLVTVSS"
"10",">J00256","IGHJ6*01","Homo sapiens","FALSE","J-REGION","2947..3009","63 nt",3,NA,NA,NA,"20 AA","20+0=20"," ",NA,"YYYYYGMDVWGQGTTVTVSS"
"11",">X86355","IGHJ6*02","Homo sapiens","FALSE","J-REGION","2482..2543","62 nt",3,NA,NA,NA,"20 AA","20+0=20","partial in 3'",NA,"YYYYYGMDVWGQGTTVTVSS"
"12",">X86356","IGHJ6*03","Homo sapiens","FALSE","J-REGION","2482..2543","62 nt",3,NA,NA,NA,"20 AA","20+0=20","partial in 3'",NA,"YYYYYYMDVWGKGTTVTVSS"
"13",">AJ879487","IGHJ6*04","Homo sapiens","FALSE","J-REGION","39..101","63 nt",3,NA,NA,NA,"20 AA","20+0=20"," ",NA,"YYYYYGMDVWGKGTTVTVSS"
"14",">J00242","IGKJ1*01","Homo sapiens","F","J-REGION","251..288","38 nt",2,NA,NA,NA,"12 AA","12+0=12",NA,NA,"WTFGQGTKVEIK"
"15",">J00242","IGKJ2*01","Homo sapiens","F","J-REGION","612..650","39 nt",3,NA,NA,NA,"12 AA","12+0=12",NA,NA,"YTFGQGTKLEIK"
"16",">Z70260","IGKJ2*02","Homo sapiens","(F)","J-REGION","288..325,c","38 nt",2,NA,1,NA,"12 AA","12+0=12",NA,NA,"CTFGQGTKLEIK"
"17",">U95246","IGKJ2*03","Homo sapiens","(F)","J-REGION","281..319,c","39 nt",3,NA,1,NA,"12 AA","12+0=12",NA,NA,"YSFGQGTKLEIK"
"18",">Z46620","IGKJ2*04","Homo sapiens","(F)","J-REGION","302..340,c","39 nt",3,NA,1,NA,"12 AA","12+0=12",NA,NA,"CSFGQGTKLEIK"
"19",">J00242","IGKJ3*01","Homo sapiens","F","J-REGION","918..955","38 nt",2,NA,NA,NA,"12 AA","12+0=12",NA,NA,"FTFGPGTKVDIK"
"20",">J00242","IGKJ4*01","Homo sapiens","F","J-REGION","1260..1297","38 nt",2,NA,NA,NA,"12 AA","12+0=12",NA,NA,"LTFGGGTKVEIK"
"21",">AF103571","IGKJ4*02","Homo sapiens","(F)","J-REGION","270..307,c","38 nt",2,NA,1,NA,"12 AA","12+0=12",NA,NA,"LTFGGGTKVEIK"
"22",">J00242","IGKJ5*01","Homo sapiens","F","J-REGION","1575..1612","38 nt",2,NA,NA,NA,"12 AA","12+0=12",NA,NA,"ITFGQGTRLEIK"
"23",">X04457","IGLJ1*01","Homo sapiens","F","J-REGION","30..67","38 nt",2,NA,NA,NA,"12 AA","12+0=12",NA,NA,"YVFGTGTKVTVL"
"24",">M15641","IGLJ2*01","Homo sapiens","F","J-REGION","29..66","38 nt",2,NA,NA,NA,"12 AA","12+0=12",NA,NA,"VVFGGGTKLTVL"
"25",">M15642","IGLJ3*01","Homo sapiens","F","J-REGION","29..66","38 nt",2,NA,NA,NA,"12 AA","12+0=12",NA,NA,"VVFGGGTKLTVL"
"26",">D87023","IGLJ3*02","Homo sapiens","F","J-REGION","30587..30624","38 nt",2,NA,NA,NA,"12 AA","12+0=12",NA,NA,"WVFGGGTKLTVL"
"27",">X51755","IGLJ4*01","Homo sapiens","ORF","J-REGION","19209..19246","38 nt",2,NA,NA,NA,"12 AA","12+0=12",NA,NA,"FVFGGGTQLIIL"
"28",">X51755","IGLJ5*01","Homo sapiens","ORF","J-REGION","22918..22955","38 nt",2,NA,NA,NA,"12 AA","12+0=12",NA,NA,"WVFGEGTELTVL"
"29",">D87017","IGLJ5*02","Homo sapiens","ORF","J-REGION","11386..11423","38 nt",2,NA,NA,NA,"12 AA","12+0=12",NA,NA,"WVFGEGTELTVL"
"30",">M18338","IGLJ6*01","Homo sapiens","F","J-REGION","30..67","38 nt",2,NA,NA,NA,"12 AA","12+0=12",NA,NA,"NVFGSGTKVTVL"
"31",">X51755","IGLJ7*01","Homo sapiens","F","J-REGION","30017..30054","38 nt",2,NA,NA,NA,"12 AA","12+0=12",NA,NA,"AVFGGGTQLTVL"
"32",">D87017","IGLJ7*02","Homo sapiens","F","J-REGION","18513..18550","38 nt",2,NA,NA,NA,"12 AA","12+0=12",NA,NA,"AVFGGGTQLTAL"
"33",">X02884","TRAJ1*01","Homo sapiens","ORF","J-REGION","2363..2424","62 nt",2,NA,NA,NA,"20 AA","20+0=20",NA,NA,"YESITSQLQFGKGTRVSTSP"
"34",">M94081","TRAJ10*01","Homo sapiens","F","J-REGION","73699..73762","64 nt",1,NA,NA,NA,"21 AA","21+0=21",NA,NA,"ILTGGGNKLTFGTGTQLKVEL"
"35",">M94081","TRAJ11*01","Homo sapiens","F","J-REGION","72706..72765","60 nt",3,NA,NA,NA,"19 AA","19+0=19",NA,NA,"NSGYSTLTFGKGTMLLVSP"
"36",">X02885","TRAJ12*01","Homo sapiens","F","J-REGION","53..112","60 nt",3,NA,NA,NA,"19 AA","19+0=19",NA,NA,"MDSSYKLIFGSGTRLLVRP"
"37",">M94081","TRAJ13*01","Homo sapiens","F","J-REGION","71280..71342","63 nt",3,NA,NA,NA,"20 AA","20+0=20",NA,NA,"NSGGYQKVTFGIGTKLQVIP"
"38",">AB258131","TRAJ13*02","Homo sapiens","F","J-REGION","101..163","63 nt",3,NA,NA,NA,"20 AA","20+0=20",NA,NA,"NSGGYQKVTFGTGTKLQVIP"
"39",">M94081","TRAJ14*01","Homo sapiens","F","J-REGION","70532..70583","52 nt",1,NA,NA,NA,"17 AA","17+0=17",NA,NA,"IYSTFIFGSGTRLSVKP"
"40",">X05775","TRAJ15*01","Homo sapiens","F","J-REGION","80..139","60 nt",3,NA,NA,NA,"19 AA","19+0=19",NA,NA,"NQAGTALIFGKGTTLSVSS"
"41",">M94081","TRAJ15*02","Homo sapiens","F","J-REGION","69836..69895","60 nt",3,NA,NA,NA,"19 AA","19+0=19",NA,NA,"NQAGTALIFGKGTHLSVSS"
"42",">M94081","TRAJ16*01","Homo sapiens","F","J-REGION","68743..68802","60 nt",3,NA,NA,NA,"19 AA","19+0=19",NA,NA,"FSDGQKLLFARGTMLKVDL"
"43",">IMGT000024","TRAJ16*02","Homo sapiens","F","J-REGION","916624..916683","60 nt",3,NA,NA,NA,"19 AA","19+0=19",NA,NA,"FSDGQKLLFARGTMLKVDL"
"44",">X05773","TRAJ17*01","Homo sapiens","F","J-REGION","173..235","63 nt",3,NA,NA,NA,"20 AA","20+0=20",NA,NA,"IKAAGNKLTFGGGTRVLVKP"
"45",">M94081","TRAJ18*01","Homo sapiens","F","J-REGION","65876..65941","66 nt",3,NA,NA,NA,"21 AA","21+0=21",NA,NA,"DRGSTLGRLYFGRGTQLTVWP"
"46",">M94081","TRAJ19*01","Homo sapiens","ORF","J-REGION","65489..65548","60 nt",3,NA,NA,NA,"19 AA","19+0=19",NA,NA,"YQRFYNFTFGKGSKHNVTP"
"47",">X02884","TRAJ2*01","Homo sapiens","ORF","J-REGION","1397..1462","66 nt",3,NA,NA,NA,"21 AA","21+0=21",NA,NA,"NTGGTIDKLTFGKGTHVFIIS"
"48",">M94081","TRAJ20*01","Homo sapiens","F","J-REGION","64552..64608","57 nt",3,NA,NA,NA,"18 AA","18+0=18",NA,NA,"SNDYKLSFGAGTTVTVRA"
"49",">M94081","TRAJ21*01","Homo sapiens","F","J-REGION","63829..63883","55 nt",1,NA,NA,NA,"18 AA","18+0=18",NA,NA,"YNFNKFYFGSGTKLNVKP"
"50",">X02886","TRAJ22*01","Homo sapiens","F","J-REGION","405..467","63 nt",3,NA,NA,NA,"20 AA","20+0=20",NA,NA,"SSGSARQLTFGSGTQLTVLP"
"51",">M94081","TRAJ23*01","Homo sapiens","F","J-REGION","60650..60712","63 nt",3,NA,NA,NA,"20 AA","20+0=20",NA,NA,"IYNQGGKLIFGQGTELSVKP"
"52",">X58763","TRAJ23*02","Homo sapiens","F","J-REGION","61..123","63 nt",3,NA,NA,NA,"20 AA","20+0=20",NA,NA,"IYNQGGKLIFGQGTELSVKP"
"53",">X02887","TRAJ24*01","Homo sapiens","F","J-REGION","124..186","63 nt",3,NA,NA,NA,"20 AA","20+0=20",NA,NA,"TTDSWGKFEFGAGTQVVVTP"
"54",">M94081","TRAJ24*02","Homo sapiens","F","J-REGION","60203..60265","63 nt",3,NA,NA,NA,"20 AA","20+0=20",NA,NA,"TTDSWGKLQFGAGTQVVVTP"
"55",">IMGT000024","TRAJ24*03","Homo sapiens","F","J-REGION","908066..908128","63 nt",3,NA,NA,NA,"20 AA","20+0=20",NA,NA,"TTDSWGKFQFGAGTQVVVTP"
"56",">X02888","TRAJ25*01","Homo sapiens","ORF","J-REGION","35..94","60 nt",3,NA,NA,NA,"19 AA","19+0=19",NA,NA,"EGQGFSFIFGKGTRLLVKP"
"57",">M94081","TRAJ26*01","Homo sapiens","F","J-REGION","58680..58739","60 nt",3,NA,NA,NA,"19 AA","19+0=19",NA,NA,"DNYGQNFVFGPGTRLSVLP"
"58",">M94081","TRAJ27*01","Homo sapiens","F","J-REGION","56507..56565","59 nt",2,NA,NA,NA,"19 AA","19+0=19",NA,NA,"NTNAGKSTFGDGTTLTVKP"
"59",">M94081","TRAJ28*01","Homo sapiens","F","J-REGION","55857..55922","66 nt",3,NA,NA,NA,"21 AA","21+0=21",NA,NA,"YSGAGSYQLTFGKGTKLSVIP"
"60",">M94081","TRAJ29*01","Homo sapiens","F","J-REGION","54177..54236","60 nt",3,NA,NA,NA,"19 AA","19+0=19",NA,NA,"NSGNTPLVFGKGTRLSVIA"
"61",">X02884","TRAJ3*01","Homo sapiens","F","J-REGION","504..565","62 nt",2,NA,NA,NA,"20 AA","20+0=20",NA,NA,"GYSSASKIIFGSGTRLSIRP"
"62",">M94081","TRAJ30*01","Homo sapiens","F","J-REGION","53090..53146","57 nt",3,NA,NA,NA,"18 AA","18+0=18",NA,NA,"NRDDKIIFGKGTRLHILP"
"63",">M94081","TRAJ31*01","Homo sapiens","F","J-REGION","51207..51263","57 nt",3,NA,NA,NA,"18 AA","18+0=18",NA,NA,"NNNARLMFGDGTQLVVKP"
"64",">M94081","TRAJ32*01","Homo sapiens","F","J-REGION","49581..49646","66 nt",3,NA,NA,NA,"21 AA","21+0=21",NA,NA,"NYGGATNKLIFGTGTLLAVQP"
"65",">IMGT000024","TRAJ32*02","Homo sapiens","F","J-REGION","897438..897503","66 nt",3,NA,NA,NA,"21 AA","21+0=21",NA,NA,"NYGGATNKLIFGTGTLLAVQP"
"66",">M94081","TRAJ33*01","Homo sapiens","F","J-REGION","48843..48899","57 nt",3,NA,NA,NA,"18 AA","18+0=18",NA,NA,"DSNYQLIWGAGTKLIIKP"
"67",">M35622","TRAJ34*01","Homo sapiens","F","J-REGION","30..87","58 nt",1,NA,NA,NA,"19 AA","19+0=19",NA,NA,"SYNTDKLIFGTGTRLQVFP"
"68",">M94081","TRAJ35*01","Homo sapiens","F","J-REGION","46885..46943","59 nt",2,NA,NA,NA,"19 AA","19+0=19",NA,NA,"IGFGNVLHCGSGTQVIVLP"
"69",">M94081","TRAJ36*01","Homo sapiens","F","J-REGION","45353..45411","59 nt",2,NA,NA,NA,"19 AA","19+0=19",NA,NA,"QTGANNLFFGTGTRLTVIP"
"70",">M94081","TRAJ37*01","Homo sapiens","F","J-REGION","43993..44054","62 nt",2,NA,NA,NA,"20 AA","20+0=20",NA,NA,"GSGNTGKLIFGQGTTLQVKP"
"71",">IMGT000024","TRAJ37*02","Homo sapiens","F","J-REGION","891847..891908","62 nt",2,NA,NA,NA,"20 AA","20+0=20",NA,NA,"GSSNTGKLIFGQGTTLQVKP"
"72",">M94081","TRAJ38*01","Homo sapiens","F","J-REGION","42473..42534","62 nt",2,NA,NA,NA,"20 AA","20+0=20",NA,NA,"NAGNNRKLIWGLGTSLAVNP"
"73",">M94081","TRAJ39*01","Homo sapiens","F","J-REGION","41843..41905","63 nt",3,NA,NA,NA,"20 AA","20+0=20",NA,NA,"NNNAGNMLTFGGGTRLMVKP"
"74",">M94081","TRAJ4*01","Homo sapiens","F","J-REGION","82396..82458","63 nt",3,NA,NA,NA,"20 AA","20+0=20",NA,NA,"FSGGYNKLIFGAGTRLAVHP"
"75",">M35620","TRAJ40*01","Homo sapiens","F","J-REGION","35..95","61 nt",1,NA,NA,NA,"20 AA","20+0=20",NA,NA,"TTSGTYKYIFGTGTRLKVLA"
"76",">M94081","TRAJ41*01","Homo sapiens","F","J-REGION","37900..37961","62 nt",2,NA,NA,NA,"20 AA","20+0=20",NA,NA,"NSNSGYALNFGKGTSLLVTP"
"77",">M94081","TRAJ42*01","Homo sapiens","F","J-REGION","37130..37195","66 nt",3,NA,NA,NA,"21 AA","21+0=21",NA,NA,"NYGGSQGNLIFGKGTKLSVKP"
"78",">M94081","TRAJ43*01","Homo sapiens","F","J-REGION","36154..36207","54 nt",3,NA,NA,NA,"17 AA","17+0=17",NA,NA,"NNNDMRFGAGTRLTVKP"
"79",">M35619","TRAJ44*01","Homo sapiens","F","J-REGION","30..92","63 nt",3,NA,NA,NA,"20 AA","20+0=20",NA,NA,"NTGTASKLTFGTGTRLQVTL"
"80",">M94081","TRAJ45*01","Homo sapiens","F","J-REGION","34169..34234","66 nt",3,NA,NA,NA,"21 AA","21+0=21",NA,NA,"YSGGGADGLTFGKGTHLIIQP"
"81",">M94081","TRAJ46*01","Homo sapiens","F","J-REGION","33647..33709","63 nt",3,NA,NA,NA,"20 AA","20+0=20",NA,NA,"KKSSGDKLTFGTGTRLAVRP"
"82",">M94081","TRAJ47*01","Homo sapiens","F","J-REGION","33096..33152","57 nt",3,NA,NA,NA,"18 AA","18+0=18",NA,NA,"EYGNKLVFGAGTILRVKS"
"83",">AF033825","TRAJ47*02","Homo sapiens","(F)","J-REGION","312..368,t","57 nt",3,NA,1,NA,"18 AA","18+0=18",NA,NA,"EYGNKLVFGAGTILRVKS"
"84",">M94081","TRAJ48*01","Homo sapiens","F","J-REGION","30737..30799","63 nt",3,NA,NA,NA,"20 AA","20+0=20",NA,NA,"SNFGNEKLTFGTGTRLTIIP"
"85",">M94081","TRAJ49*01","Homo sapiens","F","J-REGION","29734..29789","56 nt",2,NA,NA,NA,"18 AA","18+0=18",NA,NA,"NTGNQFYFGTGTSLTVIP"
"86",">M94081","TRAJ5*01","Homo sapiens","F","J-REGION","80444..80503","60 nt",3,NA,NA,NA,"19 AA","19+0=19",NA,NA,"DTGRRALTFGSGTRLQVQP"
"87",">M94081","TRAJ50*01","Homo sapiens","F","J-REGION","28839..28898","60 nt",3,NA,NA,NA,"19 AA","19+0=19",NA,NA,"KTSYDKVIFGPGTSLSVIP"
"88",">M94081","TRAJ51*01","Homo sapiens","P","J-REGION","27429..27491","63 nt",3,NA,NA,NA,"20 AA","20+0=20",NA,NA,"MRDSYEKLIFGKET*LTVKP"
"89",">M94081","TRAJ52*01","Homo sapiens","F","J-REGION","26474..26542","69 nt",3,NA,NA,NA,"22 AA","22+0=22",NA,NA,"NAGGTSYGKLTFGQGTILTVHP"
"90",">M94081","TRAJ53*01","Homo sapiens","F","J-REGION","23251..23316","66 nt",3,NA,NA,NA,"21 AA","21+0=21",NA,NA,"NSGGSNYKLTFGKGTLLTVNP"
"91",">M94081","TRAJ54*01","Homo sapiens","F","J-REGION","22534..22593","60 nt",3,NA,NA,NA,"19 AA","19+0=19",NA,NA,"IQGAQKLVFGQGTRLTINP"
"92",">M94081","TRAJ55*01","Homo sapiens","P","J-REGION","21944..22000","57 nt",3,NA,NA,NA,"18 AA","18+0=18",NA,NA,"KCW*CSCWGKGMSTKINP"
"93",">M94081","TRAJ56*01","Homo sapiens","F","J-REGION","19768..19829","62 nt",2,NA,NA,NA,"20 AA","20+0=20",NA,NA,"YTGANSKLTFGKGITLSVRP"
"94",">M94081","TRAJ57*01","Homo sapiens","F","J-REGION","19119..19181","63 nt",3,NA,NA,NA,"20 AA","20+0=20",NA,NA,"TQGGSEKLVFGKGTKLTVNP"
"95",">M94081","TRAJ58*01","Homo sapiens","ORF","J-REGION","17954..18016","63 nt",3,NA,NA,NA,"20 AA","20+0=20",NA,NA,"*ETSGSRLTFGEGTQLTVNP"
"96",">M94081","TRAJ59*01","Homo sapiens","ORF","J-REGION","16801..16860","60 nt",3,NA,NA,NA,"19 AA","19+0=19",NA,NA,"KEGNRKFTFGMGTQVRVKL"
"97",">M16747","TRAJ6*01","Homo sapiens","F","J-REGION","31..92","62 nt",2,NA,NA,NA,"20 AA","20+0=20",NA,NA,"ASGGSYIPTFGRGTSLIVHP"
"98",">M94081","TRAJ60*01","Homo sapiens","P","J-REGION","16554..16610","57 nt",3,NA,NA,NA,"18 AA","18+0=18",NA,NA,"KIT*MLNFGKGTELIVSL"
"99",">M94081","TRAJ61*01","Homo sapiens","ORF","J-REGION","15564..15623","60 nt",3,NA,NA,NA,"19 AA","19+0=19",NA,NA,"YRVNRKLTFGANTRGIMKL"
"100",">M94081","TRAJ7*01","Homo sapiens","F","J-REGION","77821..77879","59 nt",2,NA,NA,NA,"19 AA","19+0=19",NA,NA,"DYGNNRLAFGKGNQVVVIP"
"101",">M94081","TRAJ8*01","Homo sapiens","F","J-REGION","76346..76405","60 nt",3,NA,NA,NA,"19 AA","19+0=19",NA,NA,"NTGFQKLVFGTGTRLLVSP"
"102",">IMGT000024","TRAJ8*02","Homo sapiens","P","J-REGION","924242..924301","60 nt",3,NA,NA,NA,"19 AA","19+0=19",NA,NA,"NTGFQKLVFGTGT*LLVSP"
"103",">M94081","TRAJ9*01","Homo sapiens","F","J-REGION","75756..75816","61 nt",1,NA,NA,NA,"20 AA","20+0=20",NA,NA,"GNTGGFKTIFGAGTRLFVKA"
"104",">K02545","TRBJ1-1*01","Homo sapiens","F","J-REGION","749..796","48 nt",3,NA,NA,NA,"15 AA","15+0=15",NA,NA,"NTEAFFGQGTRLTVV"
"105",">K02545","TRBJ1-2*01","Homo sapiens","F","J-REGION","886..933","48 nt",3,NA,NA,NA,"15 AA","15+0=15",NA,NA,"NYGYTFGSGTRLTVV"
"106",">M14158","TRBJ1-3*01","Homo sapiens","F","J-REGION","1499..1548","50 nt",2,NA,NA,NA,"16 AA","16+0=16",NA,NA,"SGNTIYFGEGSWLTVV"
"107",">M14158","TRBJ1-4*01","Homo sapiens","F","J-REGION","2095..2145","51 nt",3,NA,NA,NA,"16 AA","16+0=16",NA,NA,"TNEKLFFGSGTQLSVL"
"108",">M14158","TRBJ1-5*01","Homo sapiens","F","J-REGION","2368..2417","50 nt",2,NA,NA,NA,"16 AA","16+0=16",NA,NA,"SNQPQHFGDGTRLSIL"
"109",">M14158","TRBJ1-6*01","Homo sapiens","F","J-REGION","2859..2911","53 nt",2,NA,NA,NA,"17 AA","17+0=17",NA,NA,"SYNSPLHFGNGTRLTVT"
"110",">L36092","TRBJ1-6*02","Homo sapiens","F","J-REGION","643043..643095","53 nt",2,NA,NA,NA,"17 AA","17+0=17",NA,NA,"SYNSPLHFGNGTRLTVT"
"111",">X02987","TRBJ2-1*01","Homo sapiens","F","J-REGION","800..849","50 nt",2,NA,NA,NA,"16 AA","16+0=16",NA,NA,"SYNEQFFGPGTRLTVL"
"112",">X02987","TRBJ2-2*01","Homo sapiens","F","J-REGION","995..1045","51 nt",3,NA,NA,NA,"16 AA","16+0=16",NA,NA,"NTGELFFGEGSRLTVL"
"113",">X02987","TRBJ2-2P*01","Homo sapiens","ORF","J-REGION","1132..1177","46 nt",1,NA,NA,NA,"15 AA","15+0=15",NA,NA,"LRGAAGRLGGGLLVL"
"114",">X02987","TRBJ2-3*01","Homo sapiens","F","J-REGION","1282..1330","49 nt",1,NA,NA,NA,"16 AA","16+0=16",NA,NA,"STDTQYFGPGTRLTVL"
"115",">X02987","TRBJ2-4*01","Homo sapiens","F","J-REGION","1432..1481","50 nt",2,NA,NA,NA,"16 AA","16+0=16",NA,NA,"AKNIQYFGAGTRLSVL"
"116",">X02987","TRBJ2-5*01","Homo sapiens","F","J-REGION","1553..1600","48 nt",3,NA,NA,NA,"15 AA","15+0=15",NA,NA,"QETQYFGPGTRLLVL"
"117",">X02987","TRBJ2-6*01","Homo sapiens","F","J-REGION","1673..1725","53 nt",2,NA,NA,NA,"17 AA","17+0=17",NA,NA,"SGANVLTFGAGSRLTVL"
"118",">M14159","TRBJ2-7*01","Homo sapiens","F","J-REGION","2316..2362","47 nt",2,NA,NA,NA,"15 AA","15+0=15",NA,NA,"SYEQYFGPGTRLTVT"
"119",">X02987","TRBJ2-7*02","Homo sapiens","ORF","J-REGION","1890..1936","47 nt",2,NA,NA,NA,"15 AA","15+0=15",NA,NA,"SYEQYVGPGTRLTVT"
"120",">M20289","TRDJ1*01","Homo sapiens","FALSE","J-REGION","51..101","51 nt",3,NA,NA,NA,"16 AA","16+0=16",NA,NA,"TDKLIFGKGTRVTVEP"
"121",">L36386","TRDJ2*01","Homo sapiens","FALSE","J-REGION","39..92","54 nt",3,NA,NA,NA,"17 AA","17+0=17",NA,NA,"LTAQLFFGKGTQLIVEP"
"122",">M21508","TRDJ3*01","Homo sapiens","FALSE","J-REGION","735..793","59 nt",2,NA,NA,NA,"19 AA","19+0=19",NA,NA,"SWDTRQMFFGTGIKLFVEP"
"123",">AJ249814","TRDJ4*01","Homo sapiens","FALSE","J-REGION","1..48","48 nt",3,NA,NA,NA,"15 AA","15+0=15",NA,NA,"RPLIFGKGTYLEVQQ"
"124",">M12960","TRGJ1*01","Homo sapiens","FALSE","J-REGION","157..206","50 nt",2,NA,NA,NA,"16 AA","16+0=16",NA,NA,"NYYKKLFGSGTTLVVT"
"125",">IMGT000011","TRGJ1*02","Homo sapiens","FALSE","J-REGION","118516..118565","50 nt",2,NA,NA,NA,"16 AA","16+0=16",NA,NA,"NYYKKLFGSGTTLVVT"
"126",">M12961","TRGJ2*01","Homo sapiens","FALSE","J-REGION","157..206","50 nt",2,NA,NA,NA,"16 AA","16+0=16",NA,NA,"NYYKKLFGSGTTLVVT"
"127",">M12950","TRGJP*01","Homo sapiens","FALSE","J-REGION","29..90","62 nt",2,NA,NA,NA,"20 AA","20+0=20",NA,NA,"GQELGKKIKVFGPGTKLIIT"
"128",">X08084","TRGJP1*01","Homo sapiens","FALSE","J-REGION","29..88","60 nt",3,NA,NA,NA,"19 AA","19+0=19",NA,NA,"TTGWFKIFAEGTKLIVTSP"
"129",">M16016","TRGJP2*01","Homo sapiens","FALSE","J-REGION","29..88","60 nt",3,NA,NA,NA,"19 AA","19+0=19",NA,NA,"SSDWIKTFAKGTRLIVTSP"
